Workbook

Sheet العيادات
A1: وزارة الصحـة و الســـــكان
A2: الإدارة المركزية لجودة الرعاية الصحية
A3: الادارة العامة لمتابعة المديريات
A4: PHC assessment standards 2025
A7: م | B7: المعيــــــار | E7: التقييم | F7: ملاحظات
A9: إشتراطات عامة:
A10: النظام الصحي والخدمات:
A11: 1 | B11: لافتة توضح إسم الوحدة / المركز في مكان واضح وسليمة و نظيفة.
A12: 2 | B12: لافتة بالخدمات المقدمة في الوحدة / المركز معلنة و محدثة و معتمدة.
A13: 3 | B13: لافتة رئيسية بأسعار الخدمات المقدمة معلنة و محدثة و معتمدة و لها مرجع.
A14: 4 | B14: لافتة موضح بها توزيع وتقسيمات وحدات المبنى الداخلية بالتفصيل كل طابق على حدة .
A15: 5 | B15: لافتة بالمبادرات التى يتم تقديمها بالوحدة / المركز
A16: القيادة والإدارة:
A17: 6 | B17: يوجد هيكل تنظيمي بالمسمى الوظيفى و الأسماء معلن و محدث و معتمد. | F17: الهيكل التنظيمي غير محدث
A18: 7 | B18: يوجد توصيف وظيفي لجميع العاملين و جميع المسميات الوظيفية بالوحدة / المركز.
A19: 8 | B19: جميع العاملين على علم و دراية تامة بالتوصيف الوظيفي .
A20: 9 | B20: نسخة من خطة العمل السنوية ( التشغيلية).
A21: 10 | B21: لافتات فى مكان واضح بمدخل الوحدة / المركز توضح الآتى:  الرؤية – الرسالة – القيم محدثة و معتمدة  حقوق و واجبات المرضى واضحة ومعلنة و محدثة و معتمدة.  ملصقات منع التدخين معلنة و واضحة في جميع أماكن الإنتظار والممرات وغرف الفحص...الخ
A22: 11 | B22: سياسة منع التدخين مطبقة بالنسبة للعاملين و المرضى.
A23: 12 | B23: لافتة بالموضوعات التثقيفية اليومية المقدمة للمرضى على مدار الأسبوع طبقاً للمجموعات المتجانسة.
A24: 13 | B24: مخارج الوحدة / المركز مشار إليها بوضوح من خلال:  خط سير دخول وخروج المرضى  أسهم إسترشادية للوصول إلى العيادة المطلوبة  كل مكان بالوحدة معنون بلافتة توضح نوع الخدمة المقدمة داخله , و اللافتة أعلى الباب و ليس عليه.  أسهم بمخارج الطوارئ و نقاط التجمع. | F24: لا يوجد اسهم بمخارج الطوارئ
A25: تنظيم العمل :
A26: 14 | B26: تواجد جداول عمل تنظيمية معلنة على مدار فترات العمل لجميع العاملين بالوحدة
A27: 15 | B27: تواجد العاملون طبقا لجداول العمل التنظيمية .
A28: 16 | B28: يلتزم جميع العاملين بالزى الخاص بهم .
A29: 17 | B29: يلتزم جميع العاملين بوضع بادج تعريف موضح فيه : الإسم والقسم والصورة | F29: لا يوجد
A30: البنية التحتية العامة بالوحدة / المركز :
A31: 18 | B31: المبنى مطلي و نظيف من الخارج و الداخل
A32: 19 | B32: لا توجد أي قمامة أو أنقاض أو نفايات حول المبنى
A33: 20 | B33: يوجد فرد أمن على بوابة الوحدة / المركز. | F33: لا يوجد فرد امن على بوابة الوحدة
A34: 21 | B34: تجهيزات و أثاث الوحدة / المركز سليم و سهل التنظيف / التطهير.
A35: 22 | B35: جميع النوافذ المطلة على الخارج عليها سلك معدنى ضيق الفتحات و سليم . | F35: لا يوجد
A36: 23 | B36: الوحدة مجهزة لإستقبال المرضى الغير قادرين على الحركة من خلال :  يوجد بالمدخل منحدر  توجد مصعد في المباني متعددة الطوابق  يوجد كرسي متحرك واحد على الأقل عند كل من : (المدخل الرئيسي - غرفة الطوارئ) | F36: لا يوجد مصعد
A37: 24 | B37: يتمتع المبنى من الداخل بما يكفي من الإنارة والتهوية.
A38: 25 | B38: توافر حوض مخصص لغسيل الأيدي بأماكن تقديم الخدمة :  معنون بحوض غسيل الأيدى  مستلزمات غسيل الأيدى  ملصقات اللحظات الخمس و بوستر غسيل الأيدى  ( و فى حالة عدم توافر حوض يوضع بوستر الدلك بالكحول).
A39: 26 | B39: توفر الخصوصية عن طريق :  غلق غرفة الكشف فور دخول المريض  توفير بارافان عند سرير الكشف سهل التنظيف و التطهير طبقاً لتعليمات مكافحة العدوى.  توافر ملاءة لتغطية المريض عند الكشف  النوافذ المطلة مباشرةً على الشوارع أو الساحات العامة، مغلقة بشكل جيد، ومغطاة بستائر ( أو أى وسيلة) لضمان خصوصية المرضى.
A40: التراخيص :
A41: 27 | B41: تداول النفايات | F41: لا يوجد
A42: 28 | B42: المولد الكهربائي إذا كان ذو قدرة و سعة كافية | F42: لا يوجد
A43: 29. ا | B43: المصعد ( إن وُجد) | F43: لا يوجد
A44: 30 | B44: الأشعة ( إن وُجد) | F44: لا يوجد
A45: العقود :
A46: 31 | B46: الصيانة الدورية للأجهزة
A47: 32 | B47: النفايات
A48: 33 | B48: صورة من التعاقد مع العاملين( إن وُجد)
A49: 34 | B49: شركة الأمن و النظافة.
A50: الإجمالى | F50: =IF(COUNT(E11:E49)=0,"N/A",SUM((E11:E49))/(COUNT((E11:E49))*2)) -> N/A
A51: تقييم و مراقبة أداء الخدمات الصحية المقدمة بالمنشأة Customer Voice :
A52: 1 | B52: يوجد صندوق / صناديق شكاوى للمنشأة:  العدد  أماكن توزيع صندوق / صناديق الشكاوى
A53: 2 | B53: يوجد مصادر أخرى للشكاوى غير الصندوق:  خط ساخن  منظومة الشكاوى مجلس الوزراء  شكاوى شفويا
A54: 3 | B54: وجود آلية / نظام لبحث الشكاوى
A55: 4 | B55: توجد لافتات / أسهم واضحة تشير إلى مكان توافر صندوق / صناديق الشكاوى
A56: 5 | B56: توافر بوسترإعلان يوضح أرقام و أماكن تلقى الشكاوى المتعلقة بالخدمات المقدمة.
A57: 6 | B57: يتم فتح صندوق الشكاوى بشكل دورى :  أسبوعى  شهرى
A58: 7 | B58: وجود محاضر فتح صندوق الشكاوى وحصر الشكاوى التى بداخله .
A59: 8 | B59: يوجد تشكيل للجنة الشكاوى معتمد.
A60: 9 | B60: يتم إنعقاد اللجنة بشكل دورى .
A61: 10 | B61: يوجد محاضر لتوثيق إنعقاد اللجنة.
A62: 11 | B62: توافر نموذج إبلاغ عن شكوى .
A63: 12 | B63: توافر سجل عن الشكاوى يشمل العناصر التالية على الأقل:  إسم الشاكى  رقم التواصل  الرقم القومى  مصدر الشكوى  محتوى الشكوى  طرق حل الشكوى  إبلاغ الشاكى بحل الشكوى.
... A66: 15 | B66: وجود إجراءات متخذة وموثقة لتحسين نتائج الإستبيان.
A67: الإجمالى | F67: =IF(COUNT(E51:E66)=0,"N/A",SUM((E51:E66))/(COUNT((E51:E66))*2)) -> N/A
A68: السلامة البيئية:
A69: 1 | B69: غرف الفحص جيدة التهوية والإضاءة
A70: 2 | B70: لا توجد سلالم مكسورة.
A71: 3 | B71: الأرضيات سليمة و غير زلقة
A72: 4 | B72: الوحدة مزودة بوسائل تغذيتها بالمياه النقية بصفة مستمرة
A73: 5 | B73: الوحدة مزودة بوسائل الصرف الصحى المناسبة و السليمة
A74: 6 | B74: تزود الوحدة بالوسائل والأدوات الصحية اللازمة للتخلص من النفايات
A75: 7 | B75: تزود الوحدة بالأجهزة اللازمة لإطفاء الحريق
A76: 8 | B76: شهادة من إدارة الدفاع المدنى والحريق بتوفر الإشتراطات اللازمة لحماية المركز من الحريق
A77: 9 | B77: شهادة تداول المواد والنفايات الخطرة
A78: 10 | B78: مخارج التيار الكهربائي سليمة وآمنة, ولا توجد أسلاك مكشوفة بالحوائط أو الأجهزة | F78: غير سليمة
A79: 11 | B79: لوح الكهرباء معرفة من الخارج بوضع ملصق خطر الكهرباء ومؤمنة - مغلقة ومعرفة من الداخل (محدد بها الأماكن التي يخدمها كل مفتاح)
A80: 12 | B80: طفايات الحريق موضوعة في أماكن واضحة ، ويمكن الوصول إليها بسهولة ( على إرتفاع متر و نصف ).
A81: 13 | B81: مدون على كل طفاية تاريخ ملؤها و تاريخ الصلاحية , و تواريخ المرور الدورى عليها.
A82: 14 | B82: ملصقات PASS & RACE بجوار كل طفاية.
A83: 15 | B83: العاملون مدربون على كيفية التعامل مع طفايات الحريق
A84: 16 | B84: توجد قائمة / سجل شاملة لجميع الأجهزة الطبية بالوحدة، تشمل ما يلي على الأقل: - إسم الجهاز، والموديل - إسم الشركة المصنِّعة - تاريخ التصنيع - جدول الصيانة - الرقم المسلسل - تاريخ توافره بالوحدة | F84: لا يوجد سجل شامل
A85: 17 | B85: كارت تعريف بالجهاز وكارت الصيانة مرفق مع كل جهاز.
A86: 18 | B86: سجل للصيانة الوقائية للمبنى، على الأقل زيارة واحدة كل ستة أشهر( من مسئول الصيانة) للتأكد من سلامة عمليات المياه والتهوية والصرف الصحي .
A87: المولد :
A88: 19 | B88: بالوحدة / المركز مولد كهربائي سليم .
A89: 20 | B89: التأكد من نظافة السطح الخارجي للمولد/مع وجود رمل أسفل مخزون السولار لتشرب السولار في حال تسربه. | F89: لا يوجد مولد
A90: الإجمالى | F90: =IF(COUNT(E69:E89)=0,"N/A",SUM((E69:E89))/(COUNT((E69:E89))*2)) -> N/A
A91: لجان الوحدة / المركز:
A92: 1 | B92: قرار تشكيل كل لجنة محدث و معتمد و لكل تشكيل مرجعية ( على الأقل):  لجنة الجودة و سلامة المرضى و تحسين الأداء.  لجنة الدواء  لجنة مكافحة العدوى  لجنة السلامة البيئية
A93: 2 | B93: وجود مهام ومسئوليات لكل لجنة.
A94: 3 | B94: محاضر إجتماع كل لجنة بصفة دورية و تشمل : توقيع الحضور فعلياً – أجندة الإجتماع و ما تم مناقشته – التوصيات و تشمل المسئول عن تنفيذ كل توصية – المدة الزمنية للتنفيذ – معوقات عدم التنفيذ.
A95: الإجمالى | F95: =IF(COUNT(E92:E94)=0,"N/A",SUM((E92:E94))/(COUNT((E92:E94))*2)) -> N/A
A96: السياسات و الإجراءات / السجلات التمريضية :
A97: 1 | B97: يوجد السياسات و الإجراءات الآتية محدثة و مفعلة : سياسات الجودة على سبيل المثال: السياسات العامة لسلامة و أمان المريض - إدارة و سلامة الدواء – الجودة و تحسين الأداء – الرعاية المتمركزة حول المريض – الرعاية المتكاملة - ........ إلخ.
A98: 2 | B98: سياسات مكافحة العدوى على سبيل المثال: غسيل و تطهير الأيدى – سياسات التعقيم – التعامل مع المفروشات- الواقيات الشخصية – الوخز الآمن –فصل النفايات – تطهير البيئة - ...............إلخ.
A99: 3 | B99: الفريق الطبى مدرب على هذه السياسات مع التوثيق بسجل التدريب.
A100: السجلات التمريضية :
A101: 4 | B101: السجلات التمريضية ( توزيع مهام – تسليم و تسلم ..... إلخ).( مع رئيسة التمريض)
A102: 5 | B102: سجل التدريب.( مع مسئول التدريب).
A103: الإجمالى | F103: =IF(COUNT(E97:E102)=0,"N/A",SUM((E97:E102))/(COUNT((E97:E102))*2)) -> N/A
A104: أدلة العمل الإكلينيكية / البروتوكول:
A105: 1 | B105: تتوافر أدلة العمل الإكلينيكية المحدثة بالعيادات
...

Sheet مبادرات-البان
A1: المبادرات
A4: م. | B4: مبادرة صحة المراة المصرية | C4: التقـيـيـــــــم | F4: ملاحظات | G4: التقييم
C5: 0 | D5: 1 | E5: 2
A6: 1 | B6: لافتات/ ملصقات تشير بوجود المبادرة داخل الوحدة | C6: لا يوجد | D6: يوجد بحالة سيئة | E6: يوجد بحالة ممتازة
A7: 2 | B7: الإلتزام بزي المبادرات الرسمي | C7: الجميع غير ملتزم | D7: البعض ملتزم | E7: الجميع ملتزم
A8: 3 | B8: أماكن الإنتظار | C8: غير موجود | D8: موجود و غيرصالحة | E8: موجود وصالحة | F8: غير موجود
A9: 4 | B9: الرائدة/المثقفة الصحية تقوم بالتوعية داخل الوحدة مدتها | C9: لا يوجد | D9: < 15 | E9: 15-20دقيقة | F9: غير موجودة
A10: 5 | B10: الرائدة/المثقفة الصحية تقوم بتوعية داخل الوحدة لعدد مواطنين | C10: لا يوجد | D10: < 10 | E10: 10-15مواطن | F10: غير موجودة
A11: 6 | B11: مقارنة عدد حالات التسجيل على السجلات بعدد جلسات التوعية | C11: لا يوجد | D11: موجود لايدري | E11: موجود على دراية
A12: 7 | B12: عدد السيدات في جلسة التوعية داخل الوحدة | C12: لا يتم التوعية | D12: < 10 | E12: 10-15سيدة
A13: 8 | B13: كروت المواطنين | C13: غير موجود | D13: موجود و لا تسلم للمواطن | E13: موجود و تسلم للمواطن
A14: 9 | B14: تسجيل بيانات كروت المواطنين | C14: غير موجودة | D14: موجودة غير كاملة/واضحة | E14: موجودة و كاملة / واضحة
A15: 10 | B15: تاريخ طباعة الكارت | C15: 2019 | D15: 2021 | E15: 2023
A16: 11 | B16: السجلات الورقية مطابقة للمنظومة الإلكترونية | C16: لا توجد سجلات | D16: سجلات غير مطابقة | E16: سجلات مطابقة
A17: 12 | B17: غرفة فحص ذات خصوصية (تنظيم أسرة) | C17: لا يوجد | D17: موجودة عامة | E17: موجودة و بها خصوصية
A18: 13 | B18: دفتر الإحالة للمستشفيات والتغذية الراجعة | C18: لا يوجد | D18: موجود بدون تسجيل تغذية | E18: موجودة و يسجل بها التغذية
A19: 14 | B19: معايرة جهاز ميزان الأطوال | C19: لا يوجد | D19: موجود بدون معايرة | E19: موجود و مطابق
A20: الإجمالى: | G20: =IF(COUNT(G6:G19)=0,"N/A",SUM((G6:G19))/(COUNT((G6:G19))*2)) -> N/A
A24: م. | B24: مبادرة الإكتشاف المبكر لضعف وفقدان السمع | C24: التقـيـيـــــــم | F24: ملاحظات | G24: التقييم
C25: 0 | D25: 1 | E25: 2
A26: 18 | B26: بوسترات- بانرات- إرشادات | C26: لا يوجد | D26: يوجد بحالة سيئة | E26: يوجد بحالة ممتازة
A27: 19 | B27: الإلتزام بزي المبادرات الرسمي | C27: الجميع غير ملتزم | D27: البعض ملتزم | E27: الجميع ملتزم
A28: 20 | B28: غرفة السمعيات بعيدة عن الضوضاء ومجهزة | C28: ضعيف | D28: متوسط | E28: جيد
A29: 21 | B29: فحص الطفل قبل فحص الغده (الطفل هاديء) | C29: لا يتم | D29: يتم
A30: 22 | B30: نظافة البروب من الشمع | C30: غير نظيف | D30: نظيف
A31: 23 | B31: عدد2تمريض مدرب على المبادرة | C31: لا يوجد | D31: يوجد 1 تمريض | E31: يوجد 2 تمريض
A32: 24 | B32: غرفة السمعيات متاحة طول أيام الأسبوع | C32: غير متاح | D32: متاح بعض الأيام | E32: متاح بالكامل
A33: 25 | B33: طريقة معايرة البروب من خلال الأذن الصناعية | C33: لا يطبق | D33: يطبق مرة كل شهر
A34: 26 | B34: التغذية الراجعة للمتغيبين عن الفحص الثاني والإتصال بالوالدين من الممرضة المسؤولة | C34: لا يوجد | D34: موجودة ليس كامل | E34: موجودة و مطابق
A35: 27 | B35: نسبة تطابق فحوصات الغدة مع السمعيات في كل جلسة | C35: غير موجودة | D35: موجود و ليس مطابق | E35: موجود و مطابق
A36: 28 | B36: دفتر الإحالة للمستشفيات والتغذية الراجعة | C36: لا يوجد | D36: موجود بدون تسجيل تغذية | E36: موجودة و يسجل بها التغذية
A37: 29 | B37: سرعة تبليغ الفريق الإشرافي بالأعطال | C37: لا يتم | D37: يتم مع تأخير | E37: يتم فوراً
A38: الإجمالى: | G38: =IF(COUNT(G26:G37)=0,"N/A",SUM((G26:G37))/(COUNT((G26:G37))*2)) -> N/A
A42: م. | B42: مبادرة فحوصات ماقبل الزواج | C42: التقـيـيـــــــم | F42: ملاحظات | G42: التقييم
C43: 0 | D43: 1 | E43: 2
A44: 1 | B44: أسهم إتجاهات للعيادة (لوحة أكريليك) | C44: غير موجود | D44: بعضها موجود | E44: موجود ككل | F44: لا توجد.
A45: 2 | B45: الإلتزام بالزي الرسمى للمبادرات | C45: الجميع غير ملتزم | D45: البعض ملتزم | E45: الجميع ملتزم
A46: 3 | B46: الطابعة الخاصة بالمبادرة | C46: غير موجود | D46: موجود
A47: 4 | B47: غرفة المشورة | C47: لا يوجد | D47: موجود بدون تسجيل | E47: موجودة و مسجل بها التردد
A48: 5 | B48: تسليم كارت المبادرة للمواطن | C48: غير موجود | D48: موجود و غير مكتمل | E48: موجود و مكتمل
A49: 6 | B49: السجل الخاص بغرفة المشورة | C49: غير موجود | D49: موجود
A50: 7 | B50: تسليم الشهادات للشخص نفسه فقط او بتوكيل (تفويض) (لا يطبق = 0) (يطبق = 2) | C50: لا يطبق | E50: يطبق
A51: 8 | B51: عدد الشهادات المهدرة | C51: > 5% | D51: 5% | E51: 2%
A52: 9 | B52: مطابقة التسجيل على المنظومة بالسجلات الورقية | C52: غير موجود | D52: موجود و غير مكتمل | E52: موجود و مكتمل
A53: 10 | B53: مطابقة نتائج الأجهزة التشخيصية بالسجلات | C53: غير موجود | D53: موجود و غير مكتمل | E53: موجود و مكتمل
A54: 11 | B54: تسليم الكتيب إلى المواطنين والتوعية الصحية | C54: غير مطبق | E54: مطبق
A55: 12 | B55: مطابقة عدد الشهادات المطبوعة بالمركز و ما تم توريده إلى الصندوق | C55: غير موجود | D55: موجود و غير مطابق | E55: موجود و مطابق
A56: 13 | B56: سحب العينة نقطة واحدة مشبعة على الفلتر بجبر (التمريض مدرب) | C56: غير مطبق | D56: مطبق
A57: 14 | B57: غلق الخزينة للتوريد فى وقت غير الذروة | C57: غير مطبق | D57: مطبق
A58: 15 | B58: قياس الضغط والسكر والوزن لجميع المنتفعين (معايرة الأجهزة والميزان الأطوال) | C58: غير مطبق | D58: يطبق مع البعض | E58: مطبق على الجميع
A59: 16 | B59: خطة نقل العينات يوميا من المركز وطريقة نقلها إلى المديرية (البريد) | C59: غير مطبق | D59: يطبق مع البعض | E59: مطبق على الجميع
A60: 17 | B60: دفتر الإحالة للعيادات والتغذية الراجعة | C60: لا يوجد | D60: موجود بدون تسجيل تغذية | E60: موجودة و يسجل بها التغذية
A61: الإجمالى: | G61: =IF(COUNT(G44:G60)=0,"N/A",SUM((G44:G60))/(COUNT((G44:G60))*2)) -> N/A
A65: م. | B65: مبادرة صحة الأم و الجنين | C65: التقـيـيـــــــم | F65: ملاحظات | G65: التقييم
C66: 0 | D66: 1 | E66: 2
A67: 1 | B67: أسهم إسترشادية ولافتات تشير إلى مكان فحص مبادرة األم والجنين بالوحدة | C67: لا يوجد | D67: يوجد بحالة سيئة | E67: يوجد بحالة ممتازة
A68: 2 | B68: السجلات الورقية مطابقة للمنظومة | C68: لا توجد سجلات | D68: سجلات غير مطابقة | E68: سجلات مطابقة
A69: 3 | B69: تمتع السيدة بالخصوصية اللازمة أثناء الفحص وأثناء تسلم نتائج ذلك الفحص | C69: غير مطبق | D69: يطبق بعضها | E69: مطبق بالكامل
A70: 4 | B70: الإلتزام بالزي الرسمى للمبادرات | C70: الجميع غير ملتزم | D70: البعض ملتزم | E70: الجميع ملتزم
A71: 5 | B71: تتم إحالة الحالات المتفاعل لكل من (فيروس ب– فيروس نقص المناعة البشري) بطريقة صحيحة(التغذية الراجعة) | C71: لا يطبق | E71: يطبق
A72: 6 | B72: التغذية الراجعة عن الحالات المحولة داخلي للسكر التراكمي بعد قياس السكر العشوائي | C72: لا توجد سجلات | D72: سجلات غير مطابقة | E72: سجلات مطابقة
A73: 7 | B73: جلسات التثقيف والعلاج لمرضى السمنة من الحوامل بناء على نتيجة الوزن والطول | C73: لا يطبق | D73: يطبق جزئيا | E73: يطبق بالكامل
A74: 8 | B74: جدول للتوعية من خلال الندوات الثقافية والزيارات المنزلية (الرائدة الريفية) | C74: لا يطبق | D74: يطبق جزئيا | E74: يطبق بالكامل
A75: 9 | B75: مطابقة سجلات متابعة الحوامل الجدد بالرعاية الأساسية مع سجلات المبادرة | C75: غير مطابق | E75: مطابق
A76: الإجمالى: | G76: =IF(COUNT(G67:G75)=0,"N/A",SUM((G67:G75))/(COUNT((G67:G75))*2)) -> N/A
A80: م. | B80: مبادرة الأمراض المزمنة | C80: التقـيـيـــــــم | F80: ملاحظات | G80: التقييم
C81: 0 | D81: 1 | E81: 2
A82: 1 | B82: أسهم إتجاهات للعيادة (لافتات/ ملصقات تشير بوجود المبادرة داخل الوحدة) | C82: غير موجود | D82: بعضها موجود | E82: موجود ككل
A83: 2 | B83: الإلتزام بزي المبادرات الرسمي | C83: الجميع غير ملتزم | D83: البعض ملتزم | E83: الجميع ملتزم
A84: 3 | B84: توافر الأجهزة التشخيصية بالوحدة | C84: غير موجود | D84: موجود بحالة سيئة | E84: موجود
A85: 4 | B85: مقارنة نتائج الأجهزة التشخيصية بالسجلات | C85: غير مطابق | D85: مطابق
A86: 5 | B86: إدخال الحالات على المنظومة (الإنترنت يعمل) | C86: غير موجود | D86: موجود
A87: 6 | B87: سجل الإحالة الداخلية والخارجية | C87: غير موجود | D87: موجود
A88: 7 | B88: مطابقة سجل الإحالة الداخلي مع التذاكر بالصيدلية وملفات الأسرة | C88: غير موجود | D88: موجود
A89: 8 | B89: حفظ شرائط الفحص في ظروف تخزين مناسبة (2-30) | C89: غير موجود | D89: موجود بحالة سيئة | E89: موجود
A90: 9 | B90: السجلات الورقية مطابقة للمنظومة(الإدخال) | C90: لا توجد سجلات | D90: سجلات غير مطابقة | E90: سجلات مطابقة
A91: 10 | B91: وجود خطاب مطبوع بترتيب تعليمات وإجراءات وتشغيل المبادرة | C91: غير موجود | D91: موجود
A92: 11 | B92: مطابقة التسجيل على المنظومة بالسجلات الورقية | C92: غير موجود | D92: موجود و غير مكتمل | E92: موجود و مكتمل
A93: 12 | B93: مرور الفريق الإشرافي من المنطقة–المديرية (دفتر الإشراف والزيارات) | C93: يطبق | E93: لا يطبق
A94: 13 | B94: تحويل حالات النتائج الغير طبيعية إلى طبيب الوحدة لتحديد النتائج إحالة أم علاج | C94: لا يطبق | D94: يطبق مع البعض | E94: يطبق بالكامل
A95: 14 | B95: جدول للتوعية من خلال الندوات الثقافية والزيارات المنزلية (الرائدة الريفية) | C95: لا يطبق | D95: يطبق جزئيا | E95: يطبق بالكامل
A96: الإجمالى: | G96: =IF(COUNT(G82:G95)=0,"N/A",SUM((G82:G95))/(COUNT((G82:G95))*2)) -> N/A
A100: م. | B100: مبادرة كبار الســن | C100: التقـيـيـــــــم | F100: ملاحظات | G100: التقييم
C101: 0 | D101: 1 | E101: 2
A102: 1 | B102: ميزان أطوال | C102: غير موجود | D102: موجود
A103: 2 | B103: كارت المبادرة | C103: غير موجود | D103: موجود
A104: 3 | B104: سجلات المترددين | C104: غير موجود | D104: موجود
A105: 4 | B105: وجود بكر طباعة الشارت للـ ECG | C105: غير موجود | D105: موجود | F105: لا يوجد
A106: 5 | B106: قراءات الرمد يتم تسجيلها والتحويل حسب النتيجة | C106: لا يطبق | D106: يطبق جزئيا | E106: يطبق بالكامل
A107: 6 | B107: بروب السونار الباطني | C107: غير موجود | D107: موجود | F107: لا يوجد
A108: 7 | B108: ربط المترددين على كبار السن بالأورام السرطانية | C108: لا يطبق | E108: يطبق
A109: 8 | B109: ربط المترددين على كبار السن بالأمراض المزمنة | C109: لا يطبق | E109: يطبق
A110: 9 | B110: الإستبيان النفسي- التغذوي | C110: غير موجود | D110: موجود | F110: لا يوجد
A111: 10 | B111: ربط المترددين على كبار السن بملفات الأسرة (اذا كانت تطوير) | C111: لا يطبق | E111: يطبق
A112: الإجمالى: | G112: =IF(COUNT(G102:G111)=0,"N/A",SUM((G102:G111))/(COUNT((G102:G111))*2)) -> N/A
A116: م. | B116: مبادرة الأورام السرطانية | C116: التقـيـيـــــــم | F116: ملاحظات | G116: التقييم
C117: 0 | D117: 1 | E117: 2
A118: 1 | B118: مرتجعات من شركة الشحن لعينات الFIT | C118: غير موجود | E118: موجود
A119: 2 | B119: دفتر تسليم وتسلم المواطنين أنابيب الFIT | C119: غير موجود | E119: موجود
A120: 3 | B120: التغذية الراجعة من تحويل المواطنين للحالات المحولة | C120: غير موجود | E120: موجود
...

Sheet الاجمالي
A3: المحافظة : تواريخ التقييم :
A4: إسم المركز / الوحدة : ابن سهلان إسم القائم بالتقييم :
A5: نتيجة التقييم : | G5: =E54 -> #ERROR!
C8: م | D8: البــــند | E8: النسبة المئوية
C9: 1 | D9: الإشتراطات العامة | E9: ='العيادات'!F50 -> N/A
C10: 2 | D10: تقييم و مراقبة أداء الخدمات الصحية المقدمة بالمنشأة | E10: ='العيادات'!F67 -> N/A
C11: 3 | D11: السلامة البيئية | E11: ='العيادات'!F90 -> N/A
C12: 4 | D12: اللجان | E12: ='العيادات'!F95 -> N/A
C13: 5 | D13: السياسات و الإجراءات / السجلات التمريضية | E13: ='العيادات'!F103 -> N/A
C14: 6 | D14: أدلة العمل / البروتوكولات | E14: ='العيادات'!F109 -> N/A
C15: 7 | D15: القوائم بالعيادات | E15: ='العيادات'!F120 -> N/A
C16: 8 | D16: التسجيل الطبى | E16: ='العيادات'!F140 -> N/A
C17: 9 | D17: الطوارئ | E17: ='العيادات'!F174 -> N/A
C18: 10 | D18: غرفة التطعيمات | E18: ='العيادات'!F193 -> N/A
C19: 11 | D19: عيادة طب الأسرة | E19: ='العيادات'!F206 -> N/A
C20: 12 | D20: عيادة IMCI | E20: ='العيادات'!F213 -> N/A
C21: 13 | D21: عيادة رعاية الأمومة ( الحوامل) | E21: ='العيادات'!F224 -> N/A
C22: 14 | D22: متابعة الأطفال | E22: ='العيادات'!F234 -> N/A
C23: 15 | D23: تنظيم الأسرة / النسا | E23: ='العيادات'!F250 -> N/A
C24: 16 | D24: عيادة الأسنان | E24: ='العيادات'!F262 -> N/A
C25: 17 | D25: ركن الإرواء | E25: ='العيادات'!F268 -> N/A
C26: 18 | D26: الصيدلية | E26: ='العيادات'!F291 -> N/A
C27: 19 | D27: المعمل | E27: ='العيادات'!F320 -> N/A
C28: 20 | D28: الأشعة | E28: ='العيادات'!F345 -> N/A
C29: 21 | D29: غرفة التثقيف الصحى | E29: ='العيادات'!F352 -> N/A
C30: 22 | D30: التعقيم | E30: ='العيادات'!F367 -> N/A
C31: 23 | D31: وحدة غسيل المفروشات | E31: ='العيادات'!F377 -> N/A
C32: 24 | D32: سكن الفريق الطبى | E32: ='العيادات'!F381 -> N/A
C33: 25 | D33: السطح | E33: ='العيادات'!F386 -> N/A
C34: 26 | D34: خزان المياه | E34: ='العيادات'!F392 -> N/A
C35: 27 | D35: النفايات | E35: ='العيادات'!F406 -> N/A
C36: 28 | D36: المخازن | E36: ='العيادات'!F423 -> N/A
C37: 29 | D37: شئون العاملين | E37: ='العيادات'!F429 -> N/A
C38: 30 | D38: إدارة معلومات | E38: ='العيادات'!F435 -> N/A
C39: 31 | D39: مكافحة العدوى | E39: ='العيادات'!F453 -> N/A
C40: 32 | D40: النظافة | E40: ='العيادات'!F463 -> N/A
C41: 33 | D41: العلاج الطبيعى | E41: ='العيادات'!F501 -> N/A
C42: 34 | D42: اجمالي تقييم غرفة المشورة | E42: ='العيادات'!H560 -> 0.75
C43: المبادرات والالبان
C44: 35 | D44: صحة المرأة المصرية | E44: ='مبادرات-البان'!G20 -> N/A
C45: 36 | D45: الإكتشاف المبكر لضعف و فقدان السمع | E45: ='مبادرات-البان'!G38 -> N/A
C46: 37 | D46: فحوصات ما قبل الزواج | E46: ='مبادرات-البان'!G61 -> N/A
C47: 38 | D47: صحة الأم و الجنين | E47: ='مبادرات-البان'!G76 -> N/A
C48: 39 | D48: الأمراض المزمنة | E48: ='مبادرات-البان'!G96 -> N/A
C49: 40 | D49: كبار السن | E49: ='مبادرات-البان'!G112 -> N/A
C50: 41 | D50: الأورام السرطانية | E50: ='مبادرات-البان'!G126 -> N/A
C51: 42 | D51: الألف يوم الذهبية | E51: ='مبادرات-البان'!G146 -> N/A
C52: 43 | D52: الالبان | E52: ='مبادرات-البان'!G167 -> N/A
C54: اجمالي نسبة التقييم الكلية للوحدة | E54: =IF(COUNT(E44:E52,E9:E42)=0,"N/A",SUM((E44:E52,E9:E42))/(COUNT((E44:E52,E9:E42)))) -> #ERROR!
B56: توقيع القائم بالتقييم | E56: إعتماد رئيس الفريق

Sheet dont delete or edit
B1: هذه المعادلة لا يتم حذفها او التعديل بها للحفاظ على المعادلات الحسابية
A2: 0
A3: 1
A4: 2
